model	auroc_mean_random	auroc_mean_donor	generalization_drop_auroc	permutation_gap_auroc
TranscriptFormer_embedding_logistic	0.751231678305579	0.7182857340196197	0.03294594428595932	0.288350855651907
metadata_confounder_logistic	0.7721893945207582	0.7427038161572498	0.029485578363508402	0.28563425677231213
scVI_embedding_logistic	0.7029775151561661	0.6917951560592253	0.011182359096940875	0.2628884966618065
